provider,suite,item_id,pass_type,pass_index,ok,http_status,error,prompt_chars,output_chars,extracted_answer,input_tokens,output_tokens,reasoning_tokens,total_tokens,ttft_ms,inter_token_latency_ms,e2e_ms,stop_reason,n_attempts,n_throttled,total_backoff_ms,had_backoff,raw_output_preview
zai,arc,arc-0000,parity,0,True,200,,396,1,C,97,95,91,192,3020.7571797072887,,3020.787475630641,stop,1,0,0.0,False,C
zai,arc,arc-0000,latency,0,True,200,,396,1,C,97,174,171,271,4933.7959894910455,,4933.834904804826,stop,1,0,0.0,False,C
zai,arc,arc-0001,parity,0,True,200,,519,1,B,112,81,78,193,3768.5300204902887,,3768.5514790937304,stop,1,0,0.0,False,B
zai,arc,arc-0001,latency,0,True,200,,519,1,B,112,77,74,189,3471.5768778696656,,3471.5968538075686,stop,1,0,0.0,False,B
zai,arc,arc-0002,parity,0,True,200,,430,1,C,104,128,125,232,5296.193482354283,,5296.218341216445,stop,1,0,0.0,False,C
zai,arc,arc-0002,latency,0,True,200,,430,1,C,104,121,116,225,2484.2630829662085,,2484.285674057901,stop,1,0,0.0,False,C
zai,arc,arc-0003,parity,0,True,200,,483,1,D,121,78,75,199,2876.239813864231,,2876.3252096250653,stop,1,0,0.0,False,D
zai,arc,arc-0003,latency,0,True,200,,483,1,D,121,95,92,216,2544.04026735574,,2544.0788501873612,stop,1,0,0.0,False,D
zai,arc,arc-0004,parity,0,True,200,,545,0,,141,300,299,441,,,6744.320995174348,length,1,0,0.0,False,
zai,arc,arc-0004,latency,0,True,200,,545,0,,141,300,299,441,,,6338.69038708508,length,1,0,0.0,False,
zai,arc,arc-0005,parity,0,True,200,,574,0,,145,300,300,445,,,6311.525236815214,length,1,0,0.0,False,
zai,arc,arc-0005,latency,0,True,200,,574,1,B,145,243,240,388,4739.79954328388,,4739.919508807361,stop,1,0,0.0,False,B
zai,arc,arc-0006,parity,0,True,200,,591,1,C,141,165,162,306,5347.197958268225,,5347.22879063338,stop,1,0,0.0,False,C
zai,arc,arc-0006,latency,0,True,200,,591,1,C,141,197,193,338,4381.582139991224,,4381.600803695619,stop,1,0,0.0,False,C
zai,arc,arc-0007,parity,0,True,200,,417,1,C,107,189,186,296,4875.110396184027,,4875.149326398969,stop,1,0,0.0,False,C
zai,arc,arc-0007,latency,0,True,200,,417,1,C,107,163,160,270,6880.712615326047,,6880.764374509454,stop,1,0,0.0,False,C
zai,arc,arc-0008,parity,0,True,200,,555,1,B,131,139,135,270,4686.373107135296,,4686.397219076753,stop,1,0,0.0,False,B
zai,arc,arc-0008,latency,0,True,200,,555,1,B,131,189,186,320,7895.3191842883825,,7895.354261621833,stop,1,0,0.0,False,B
zai,arc,arc-0009,parity,0,True,200,,299,1,A,82,75,72,157,3650.3774262964725,,3650.4091760143638,stop,1,0,0.0,False,A
zai,arc,arc-0009,latency,0,True,200,,299,1,A,82,60,57,142,2161.2777514383197,,2161.299390718341,stop,1,0,0.0,False,A
zai,arc,arc-0010,parity,0,True,200,,350,1,B,93,246,242,339,5002.45051458478,,5002.490179613233,stop,1,0,0.0,False,B
zai,arc,arc-0010,latency,0,True,200,,350,1,B,93,281,278,374,7030.08842933923,,7030.11426795274,stop,1,0,0.0,False,B
zai,arc,arc-0011,parity,0,True,200,,337,1,A,87,269,266,356,7420.77751737088,,7420.8126133307815,stop,1,0,0.0,False,A
zai,arc,arc-0011,latency,0,True,200,,337,0,,87,300,296,387,,,7232.286049053073,length,1,0,0.0,False,
zai,arc,arc-0012,parity,0,True,200,,260,1,C,97,129,126,226,3209.0778490528464,,3209.116229787469,stop,1,0,0.0,False,C
zai,arc,arc-0012,latency,0,True,200,,260,1,C,97,125,121,222,3138.650558888912,,3138.6743830516934,stop,1,0,0.0,False,C
zai,arc,arc-0013,parity,0,True,200,,368,1,C,93,255,251,348,8570.427399128675,,8570.453787222505,stop,1,0,0.0,False,C
zai,arc,arc-0013,latency,0,True,200,,368,1,C,93,147,144,240,5804.432747885585,,5804.455680772662,stop,1,0,0.0,False,C
zai,arc,arc-0014,parity,0,True,200,,243,1,C,70,78,75,148,5790.430828928947,,5790.465768426657,stop,1,0,0.0,False,C
zai,arc,arc-0014,latency,0,True,200,,243,1,C,70,88,85,158,5013.151203282177,,5013.185511343181,stop,1,0,0.0,False,C
zai,arc,arc-0015,parity,0,True,200,,228,1,A,70,99,96,169,3821.6472920030355,,3821.6827362775803,stop,1,0,0.0,False,A
zai,arc,arc-0015,latency,0,True,200,,228,1,A,70,64,61,134,2331.049676053226,,2331.070234067738,stop,1,0,0.0,False,A
zai,arc,arc-0016,parity,0,True,200,,543,1,C,124,126,123,250,2924.7465040534735,,2924.7698644176126,stop,1,0,0.0,False,C
zai,arc,arc-0016,latency,0,True,200,,543,1,C,124,118,115,242,2997.6285425946116,,2997.6527858525515,stop,1,0,0.0,False,C
zai,arc,arc-0017,parity,0,True,200,,413,1,B,115,73,70,188,2090.745567344129,,2090.768071822822,stop,1,0,0.0,False,B
zai,arc,arc-0017,latency,0,True,200,,413,1,B,115,61,58,176,2952.062452211976,,2952.099695801735,stop,1,0,0.0,False,B
zai,arc,arc-0018,parity,0,True,200,,560,1,A,130,134,131,264,4236.4292507991195,,4236.470675095916,stop,1,0,0.0,False,A
zai,arc,arc-0018,latency,0,True,200,,560,1,A,130,174,171,304,4783.372280187905,,4783.408869989216,stop,1,0,0.0,False,A
zai,arc,arc-0019,parity,0,True,200,,427,1,C,101,158,155,259,6093.571230769157,,6093.611361458898,stop,1,0,0.0,False,C
zai,arc,arc-0019,latency,0,True,200,,427,1,C,101,188,185,289,6363.439543172717,,6363.471952266991,stop,1,0,0.0,False,C
zai,arc,arc-0020,parity,0,True,200,,407,1,B,104,126,123,230,8083.42516887933,,8083.460790105164,stop,1,0,0.0,False,B
zai,arc,arc-0020,latency,0,True,200,,407,1,B,104,213,210,317,6109.683432616293,,6109.7081284970045,stop,1,0,0.0,False,B
zai,arc,arc-0021,parity,0,True,200,,397,1,B,155,150,145,305,3838.0625816062093,,3838.0888272076845,stop,1,0,0.0,False,B
zai,arc,arc-0021,latency,0,True,200,,397,1,B,155,165,162,320,3644.489124417305,,3644.547676667571,stop,1,0,0.0,False,B
zai,arc,arc-0022,parity,0,True,200,,307,1,A,79,95,91,174,2950.926501303911,,2950.951755978167,stop,1,0,0.0,False,A
zai,arc,arc-0022,latency,0,True,200,,307,1,A,79,185,181,264,3249.929515644908,,3249.954213388264,stop,1,0,0.0,False,A
zai,arc,arc-0023,parity,0,True,200,,400,1,C,122,89,84,211,2436.8648575618863,,2436.8916554376483,stop,1,0,0.0,False,C
zai,arc,arc-0023,latency,0,True,200,,400,1,C,122,107,104,229,8254.694917239249,,8254.720022901893,stop,1,0,0.0,False,C
zai,arc,arc-0024,parity,0,True,200,,180,1,B,64,94,91,158,3913.038220256567,,3913.073199801147,stop,1,0,0.0,False,B
zai,arc,arc-0024,latency,0,True,200,,180,1,B,64,161,156,225,7738.872235640883,,7738.89740370214,stop,1,0,0.0,False,B
zai,arc,arc-0025,parity,0,True,200,,310,1,D,90,82,79,172,4388.462702743709,,4388.485074043274,stop,1,0,0.0,False,D
zai,arc,arc-0025,latency,0,True,200,,310,1,D,90,85,82,175,4844.820582307875,,4844.846330583096,stop,1,0,0.0,False,D
zai,arc,arc-0026,parity,0,True,200,,511,1,B,119,227,224,346,10991.409385576844,,10991.445186547935,stop,1,0,0.0,False,B
zai,arc,arc-0026,latency,0,True,200,,511,1,B,119,247,244,366,7333.0100532621145,,7333.047376945615,stop,1,0,0.0,False,B
zai,arc,arc-0027,parity,0,True,200,,521,9,B,146,245,240,391,5509.947741404176,0.013162381947040558,5510.060806758702,stop,1,0,0.0,False,Answer: B
zai,arc,arc-0027,latency,0,True,200,,521,1,B,146,206,203,352,4617.587394081056,,4617.62338411063,stop,1,0,0.0,False,B
zai,arc,arc-0028,parity,0,True,200,,394,0,,107,300,299,407,,,8891.328446567059,length,1,0,0.0,False,
zai,arc,arc-0028,latency,0,True,200,,394,0,,107,300,296,407,,,8316.524527966976,length,1,0,0.0,False,
zai,arc,arc-0029,parity,0,True,200,,242,0,,72,300,298,372,,,9201.038681901991,length,1,0,0.0,False,
zai,arc,arc-0029,latency,0,True,200,,242,0,,72,300,300,372,,,9171.250159852207,length,1,0,0.0,False,
umans,arc,arc-0000,parity,0,True,200,,396,1,C,97,165,163,262,2879.978238604963,,2879.9930224195123,stop,1,0,0.0,False,C
umans,arc,arc-0000,latency,0,True,200,,396,1,C,97,134,132,231,2862.9569625481963,,2862.997586838901,stop,1,0,0.0,False,C
umans,arc,arc-0001,parity,0,True,200,,519,1,B,112,117,115,229,2967.361225746572,,2967.41961594671,stop,1,0,0.0,False,B
umans,arc,arc-0001,latency,0,True,200,,519,1,B,112,114,112,226,2966.6924038901925,,2966.7055094614625,stop,1,0,0.0,False,B
umans,arc,arc-0002,parity,0,True,200,,430,1,C,104,185,183,289,4299.190203659236,,4299.217352643609,stop,1,0,0.0,False,C
umans,arc,arc-0002,latency,0,True,200,,430,1,C,104,195,193,299,4379.952785558999,,4379.98163048178,stop,1,0,0.0,False,C
umans,arc,arc-0003,parity,0,True,200,,483,1,D,121,232,230,353,21315.38617890328,,21360.484926961362,stop,1,0,0.0,False,D
umans,arc,arc-0003,latency,0,True,200,,483,1,D,121,154,152,275,19955.616232939065,,20004.36182320118,stop,1,0,0.0,False,D
umans,arc,arc-0004,parity,0,True,200,,545,0,,141,300,300,441,,,27609.64541323483,length,1,0,0.0,False,
umans,arc,arc-0004,latency,0,True,200,,545,0,,141,300,304,441,,,26368.917691521347,length,1,0,0.0,False,
umans,arc,arc-0005,parity,0,True,200,,574,0,,145,300,302,445,,,79629.32918220758,length,1,0,0.0,False,
umans,arc,arc-0005,latency,0,True,200,,574,0,,145,300,300,445,,,83804.26018405706,length,1,0,0.0,False,
umans,arc,arc-0006,parity,0,True,200,,591,1,C,141,209,207,350,14821.26680854708,,14821.294353343546,stop,1,0,0.0,False,C
umans,arc,arc-0006,latency,0,True,200,,591,1,C,141,205,203,346,11206.864046864212,,11232.888774946332,stop,1,0,0.0,False,C
umans,arc,arc-0007,parity,0,True,200,,417,1,C,107,171,169,278,4171.364237554371,,4171.402430161834,stop,1,0,0.0,False,C
umans,arc,arc-0007,latency,0,True,200,,417,1,C,107,196,194,303,5843.877946957946,,5843.907649628818,stop,1,0,0.0,False,C
umans,arc,arc-0008,parity,0,True,200,,555,1,B,131,210,208,341,10619.37627196312,,10619.41290460527,stop,1,0,0.0,False,B
umans,arc,arc-0008,latency,0,True,200,,555,1,B,131,225,223,356,8324.163467623293,,8343.831295147538,stop,1,0,0.0,False,B
umans,arc,arc-0009,parity,0,True,200,,299,1,A,82,146,144,228,28248.017493635416,,28248.046170920134,stop,1,0,0.0,False,A
umans,arc,arc-0009,latency,0,True,200,,299,1,A,82,96,94,178,27845.68028897047,,27845.708461478353,stop,1,0,0.0,False,A
umans,arc,arc-0010,parity,0,True,200,,350,0,,93,300,302,393,,,5945.7510486245155,length,1,0,0.0,False,
umans,arc,arc-0010,latency,0,True,200,,350,1,B,93,297,295,390,5646.140355616808,,5646.176389418542,stop,1,0,0.0,False,B
umans,arc,arc-0011,parity,0,True,200,,337,0,,87,300,302,387,,,52375.06471108645,length,5,0,5786.9290613087505,True,
umans,arc,arc-0011,latency,0,True,200,,337,0,,87,300,300,387,,,47071.31005823612,length,5,0,10937.434405133134,True,
umans,arc,arc-0012,parity,0,True,200,,260,1,C,97,147,0,244,4870.832131244242,,4871.5729070827365,stop,1,0,0.0,False,C
umans,arc,arc-0012,latency,0,True,200,,260,1,C,97,144,0,241,5038.729093968868,,5083.399794064462,stop,1,0,0.0,False,C
umans,arc,arc-0013,parity,0,True,200,,368,1,C,93,231,229,324,4558.787506073713,,4558.815749362111,stop,1,0,0.0,False,C
umans,arc,arc-0013,latency,0,True,200,,368,1,C,93,219,217,312,3890.609768219292,,3890.6390937045217,stop,1,0,0.0,False,C
umans,arc,arc-0014,parity,0,True,200,,243,1,C,70,90,88,160,2128.229448571801,,2170.825940556824,stop,1,0,0.0,False,C
umans,arc,arc-0014,latency,0,True,200,,243,1,C,70,93,91,163,3275.7714092731476,,3559.823607094586,stop,1,0,0.0,False,C
umans,arc,arc-0015,parity,0,True,200,,228,1,A,70,72,0,142,1899.6863579377532,,1946.970003657043,stop,1,0,0.0,False,A
umans,arc,arc-0015,latency,0,True,200,,228,1,A,70,72,0,142,1495.2797694131732,,1541.5906114503741,stop,1,0,0.0,False,A
umans,arc,arc-0016,parity,0,True,200,,543,1,C,124,183,181,307,55056.26248382032,,55118.84116847068,stop,1,0,0.0,False,C
umans,arc,arc-0016,latency,0,True,200,,543,1,C,124,153,151,277,55416.77411738783,,55619.64148841798,stop,1,0,0.0,False,C
umans,arc,arc-0017,parity,0,True,200,,413,1,B,115,109,107,224,2622.4987199530005,,2622.530948370695,stop,1,0,0.0,False,B
umans,arc,arc-0017,latency,0,True,200,,413,1,B,115,66,64,181,3147.1041245386004,,3147.1434393897653,stop,1,0,0.0,False,B
umans,arc,arc-0018,parity,0,True,200,,560,1,A,130,202,200,332,11090.721628628671,,11090.757302939892,stop,1,0,0.0,False,A
umans,arc,arc-0018,latency,0,True,200,,560,1,A,130,208,206,338,9055.6755149737,,9055.701863951981,stop,1,0,0.0,False,A
umans,arc,arc-0019,parity,0,True,200,,427,0,,101,300,303,401,,,6160.372946411371,length,1,0,0.0,False,
umans,arc,arc-0019,latency,0,True,200,,427,1,C,101,296,294,397,10517.77555141598,,10517.803823575377,stop,1,0,0.0,False,C
umans,arc,arc-0020,parity,0,True,200,,407,0,,104,300,302,404,,,6106.171208433807,length,1,0,0.0,False,
umans,arc,arc-0020,latency,0,True,200,,407,1,B,104,134,132,238,3600.625256076455,,3600.6527608260512,stop,1,0,0.0,False,B
umans,arc,arc-0021,parity,0,True,200,,397,1,B,155,49,47,204,2571.0821179673076,,2571.11101411283,stop,1,0,0.0,False,B
umans,arc,arc-0021,latency,0,True,200,,397,1,B,155,49,47,204,2075.0261563807726,,2075.0569393858314,stop,1,0,0.0,False,B
umans,arc,arc-0022,parity,0,True,200,,307,1,A,79,96,94,175,18256.735316477716,,18256.767167709768,stop,1,0,0.0,False,A
umans,arc,arc-0022,latency,0,True,200,,307,1,A,79,109,107,188,18819.06200479716,,18819.090790115297,stop,1,0,0.0,False,A
umans,arc,arc-0023,parity,0,True,200,,400,1,C,122,109,107,231,5204.513905569911,,5204.54310066998,stop,1,0,0.0,False,C
umans,arc,arc-0023,latency,0,True,200,,400,1,C,122,68,66,190,4393.874749541283,,4393.9046915620565,stop,1,0,0.0,False,C
umans,arc,arc-0024,parity,0,True,200,,180,1,B,64,122,120,186,13973.66501018405,,13973.69524743408,stop,1,0,0.0,False,B
umans,arc,arc-0024,latency,0,True,200,,180,1,B,64,126,124,190,12654.360155574977,,12654.387361370027,stop,1,0,0.0,False,B
umans,arc,arc-0025,parity,0,True,200,,310,1,D,90,109,107,199,3129.451284185052,,3129.47197817266,stop,1,0,0.0,False,D
umans,arc,arc-0025,latency,0,True,200,,310,1,D,90,111,109,201,3044.541801325977,,3044.5680152624846,stop,1,0,0.0,False,D
umans,arc,arc-0026,parity,0,True,200,,511,1,B,119,278,276,397,5792.459174990654,,5792.486819438636,stop,1,0,0.0,False,B
umans,arc,arc-0026,latency,0,True,200,,511,1,B,119,259,257,378,4762.073229067028,,4762.102494947612,stop,1,0,0.0,False,B
umans,arc,arc-0027,parity,0,True,200,,521,1,B,146,82,80,228,4354.783559218049,,4354.8193499445915,stop,1,0,0.0,False,B
umans,arc,arc-0027,latency,0,True,200,,521,1,B,146,79,77,225,3834.7892379388213,,3834.8169289529324,stop,1,0,0.0,False,B
umans,arc,arc-0028,parity,0,True,200,,394,0,,107,300,304,407,,,5417.833731509745,length,1,0,0.0,False,
umans,arc,arc-0028,latency,0,True,200,,394,0,,107,300,301,407,,,5085.793446749449,length,1,0,0.0,False,
umans,arc,arc-0029,parity,0,True,200,,242,1,B,72,192,190,264,6200.5998743698,,6200.626550242305,stop,1,0,0.0,False,B
umans,arc,arc-0029,latency,0,True,200,,242,0,,72,300,300,372,,,7799.976413138211,length,1,0,0.0,False,
